job_nature,Positive_mean,Negative_mean,Neutral_mean,mean_salary
Analyst,21.54963708106693,9.878059241239198,68.57230367769387,107227.34747200544
Associate,28.80658436213992,5.761316872427984,65.4320987654321,91000.0
Biologist,17.25663716814159,8.849557522123893,73.89380530973452,190384.25
Consultant,26.513398590530873,6.3541947715098726,67.13240663795925,104636.08602150538
Developer,34.74006163171067,4.404846803984587,60.85509156430474,107101.00833333333
Engineer,15.900933724715745,6.6411671212399055,77.45789915404434,161713.25717818382
Lead,24.029600079136877,6.377079120808161,69.59332080005495,155136.5285326087
Modeler,19.39963588395012,3.4790462324815445,77.12131788356832,132316.87931034484
Operations,15.633887643457022,5.591617314105353,78.77449504243764,86802.0
Owner,19.91869918699187,10.16260162601626,69.91869918699187,127292.75
Professional,28.57142857142857,9.821428571428571,61.60714285714286,72812.5
Programmer,17.28395061728395,11.11111111111111,71.60493827160494,62042.0
Researcher,15.564683217622042,6.525117225836939,77.91019955654102,148486.31818181818
Scientist,19.076597809913704,19.258404557719807,61.664997632366486,162648.84545454546
Specialist,20.920503828414038,4.475824716177227,74.60367145540873,96124.35333333333
Strategist,27.848101265822788,10.548523206751057,61.60337552742616,102400.41666666667
